FECHA,GRUPO,MARKET_SHARE
15-mar-96,CABLEVISION RED,0.06898
15-mar-96,MEGACABLE-MCM,0.16988
15-mar-96,ULTRAVISION,0.00956
15-mar-96,DISH-MVS,0.2274
15-mar-96,OTROS,0.04112
15-mar-96,CABLECOM,0.1217
15-mar-96,TV REY,0.00019
15-mar-96,GRUPO TELEVISA,0.36117
15-jun-96,MEGACABLE-MCM,0.1841
15-jun-96,CABLEVISION RED,0.06987
15-jun-96,OTROS,0.03622
15-jun-96,GRUPO TELEVISA,0.36775
15-jun-96,DISH-MVS,0.20971
15-jun-96,ULTRAVISION,0.00869
15-jun-96,TV REY,0.00021
15-jun-96,CABLECOM,0.12345
15-sep-96,TV REY,0.00036
15-sep-96,GRUPO TELEVISA,0.37047
15-sep-96,CABLEVISION RED,0.07208
15-sep-96,CABLECOM,0.12474
15-sep-96,OTROS,0.0348
15-sep-96,MEGACABLE-MCM,0.19366
15-sep-96,ULTRAVISION,0.00843
15-sep-96,DISH-MVS,0.19544
15DEC1996,ULTRAVISION,0.00815
15DEC1996,TV REY,0.00048
15DEC1996,DISH-MVS,0.18216
15DEC1996,CABLECOM,0.12642
15DEC1996,CABLEVISION RED,0.07331
15DEC1996,MEGACABLE-MCM,0.19491
15DEC1996,GRUPO TELEVISA,0.36641
15DEC1996,OTROS,0.04816
15-mar-97,DISH-MVS,0.15937
15-mar-97,TV REY,0.00059
15-mar-97,ULTRAVISION,0.00764
15-mar-97,GRUPO TELEVISA,0.34869
15-mar-97,MEGACABLE-MCM,0.21537
15-mar-97,OTROS,0.07765
15-mar-97,CABLEVISION RED,0.06928
15-mar-97,CABLECOM,0.12141
15-jun-97,MEGACABLE-MCM,0.21398
15-jun-97,DISH-MVS,0.1516
15-jun-97,CABLECOM,0.119
15-jun-97,TV REY,0.0008
15-jun-97,GRUPO TELEVISA,0.34224
15-jun-97,ULTRAVISION,0.00727
15-jun-97,OTROS,0.09618
15-jun-97,CABLEVISION RED,0.06894
15-sep-97,CABLEVISION RED,0.06726
15-sep-97,OTROS,0.11266
15-sep-97,MEGACABLE-MCM,0.20949
15-sep-97,DISH-MVS,0.14866
15-sep-97,TV REY,0.00063
15-sep-97,GRUPO TELEVISA,0.33295
15-sep-97,CABLECOM,0.11459
15-sep-97,ULTRAVISION,0.01376
15DEC1997,DISH-MVS,0.14313
15DEC1997,CABLEVISION RED,0.07013
15DEC1997,CABLECOM,0.11093
15DEC1997,MEGACABLE-MCM,0.20195
15DEC1997,ULTRAVISION,0.01293
15DEC1997,OTROS,0.13818
15DEC1997,GRUPO TELEVISA,0.32216
15DEC1997,TV REY,0.00059
15-mar-98,ULTRAVISION,0.0122
15-mar-98,MEGACABLE-MCM,0.20383
15-mar-98,OTROS,0.16099
15-mar-98,CABLEVISION RED,0.07191
15-mar-98,GRUPO TELEVISA,0.31361
15-mar-98,DISH-MVS,0.12797
15-mar-98,TV REY,0.0012
15-mar-98,CABLECOM,0.1083
15-jun-98,CABLEVISION RED,0.07004
15-jun-98,ULTRAVISION,0.01178
15-jun-98,OTROS,0.18046
15-jun-98,DISH-MVS,0.12094
15-jun-98,CABLECOM,0.10871
15-jun-98,MEGACABLE-MCM,0.20147
15-jun-98,GRUPO TELEVISA,0.30519
15-jun-98,TV REY,0.0014
15-sep-98,DISH-MVS,0.11986
15-sep-98,MEGACABLE-MCM,0.19592
15-sep-98,TV REY,0.00137
15-sep-98,ULTRAVISION,0.01166
15-sep-98,OTROS,0.19162
15-sep-98,GRUPO TELEVISA,0.30279
15-sep-98,CABLECOM,0.10728
15-sep-98,CABLEVISION RED,0.0695
15DEC1998,ULTRAVISION,0.01103
15DEC1998,CABLEVISION RED,0.06689
15DEC1998,OTROS,0.20589
15DEC1998,TV REY,0.00133
15DEC1998,CABLECOM,0.10549
15DEC1998,DISH-MVS,0.11831
15DEC1998,MEGACABLE-MCM,0.18865
15DEC1998,GRUPO TELEVISA,0.3024
15-mar-99,CABLECOM,0.10331
15-mar-99,CABLEVISION RED,0.06481
15-mar-99,GRUPO TELEVISA,0.29475
15-mar-99,TV REY,0.00136
15-mar-99,MEGACABLE-MCM,0.18478
15-mar-99,DISH-MVS,0.11505
15-mar-99,OTROS,0.22569
15-mar-99,ULTRAVISION,0.01024
15-jun-99,MEGACABLE-MCM,0.18171
15-jun-99,DISH-MVS,0.11332
15-jun-99,CABLECOM,0.10173
15-jun-99,TV REY,0.0014
15-jun-99,GRUPO TELEVISA,0.29232
15-jun-99,ULTRAVISION,0.00978
15-jun-99,OTROS,0.23596
15-jun-99,CABLEVISION RED,0.06377
15-sep-99,ULTRAVISION,0.009
15-sep-99,MEGACABLE-MCM,0.17859
15-sep-99,TV REY,0.00139
15-sep-99,CABLECOM,0.09962
15-sep-99,GRUPO TELEVISA,0.29322
15-sep-99,CABLEVISION RED,0.06222
15-sep-99,DISH-MVS,0.11451
15-sep-99,OTROS,0.24144
15DEC1999,ULTRAVISION,0.00852
15DEC1999,OTROS,0.24009
15DEC1999,MEGACABLE-MCM,0.18064
15DEC1999,GRUPO TELEVISA,0.29709
15DEC1999,CABLEVISION RED,0.06089
15DEC1999,AIRECABLE,0.00124
15DEC1999,CABLECOM,0.09592
15DEC1999,DISH-MVS,0.11428
15DEC1999,TV REY,0.00134
15-mar-00,CABLEVISION RED,0.06018
15-mar-00,MEGACABLE-MCM,0.18039
15-mar-00,TV REY,0.00136
15-mar-00,CABLECOM,0.09307
15-mar-00,GRUPO TELEVISA,0.28905
15-mar-00,ULTRAVISION,0.00828
15-mar-00,AIRECABLE,0.00137
15-mar-00,DISH-MVS,0.10909
15-mar-00,OTROS,0.25722
15-jun-00,GRUPO TELEVISA,0.28582
15-jun-00,ULTRAVISION,0.00781
15-jun-00,OTROS,0.26342
15-jun-00,CABLECOM,0.09166
15-jun-00,DISH-MVS,0.10485
15-jun-00,MEGACABLE-MCM,0.18304
15-jun-00,AIRECABLE,0.00142
15-jun-00,CABLEVISION RED,0.06056
15-jun-00,TV REY,0.00142
15-sep-00,AIRECABLE,0.00141
15-sep-00,TV REY,0.00146
15-sep-00,DISH-MVS,0.09931
15-sep-00,CABLEVISION RED,0.0588
15-sep-00,ULTRAVISION,0.00727
15-sep-00,MEGACABLE-MCM,0.19306
15-sep-00,GRUPO TELEVISA,0.27446
15-sep-00,CABLECOM,0.09016
15-sep-00,OTROS,0.27407
15DEC2000,GRUPO TELEVISA,0.27718
15DEC2000,CABLEVISION RED,0.05792
15DEC2000,CABLECOM,0.09021
15DEC2000,OTROS,0.27279
15DEC2000,TV REY,0.00156
15DEC2000,ULTRAVISION,0.00652
15DEC2000,AIRECABLE,0.00152
15DEC2000,MEGACABLE-MCM,0.19562
15DEC2000,DISH-MVS,0.09669
15-mar-01,GRUPO TELEVISA,0.26566
15-mar-01,DISH-MVS,0.08787
15-mar-01,AIRECABLE,0.00151
15-mar-01,ULTRAVISION,0.00578
15-mar-01,MEGACABLE-MCM,0.19319
15-mar-01,CABLEVISION RED,0.05449
15-mar-01,OTROS,0.3027
15-mar-01,TV REY,0.00158
15-mar-01,CABLECOM,0.08722
15-jun-01,AIRECABLE,0.00164
15-jun-01,MEGACABLE-MCM,0.1897
15-jun-01,GRUPO TELEVISA,0.26903
15-jun-01,OTROS,0.30456
15-jun-01,ULTRAVISION,0.0053
15-jun-01,CABLECOM,0.0889
15-jun-01,CABLEVISION RED,0.05392
15-jun-01,DISH-MVS,0.08532
15-jun-01,TV REY,0.00163
15-sep-01,CABLECOM,0.08927
15-sep-01,CABLEVISION RED,0.05323
15-sep-01,GRUPO TELEVISA,0.27034
15-sep-01,DISH-MVS,0.08229
15-sep-01,AIRECABLE,0.00165
15-sep-01,OTROS,0.3071
15-sep-01,TV REY,0.00164
15-sep-01,ULTRAVISION,0.00505
15-sep-01,MEGACABLE-MCM,0.18945
15DEC2001,AIRECABLE,0.0016
15DEC2001,GRUPO TELEVISA,0.43185
15DEC2001,CABLEVISION RED,0.05315
15DEC2001,CABLECOM,0.08877
15DEC2001,OTROS,0.14756
15DEC2001,ULTRAVISION,0.00494
15DEC2001,DISH-MVS,0.08049
15DEC2001,MEGACABLE-MCM,0.19002
15DEC2001,TV REY,0.00161
15-mar-02,GRUPO TELEVISA,0.438
15-mar-02,OTROS,0.14351
15-mar-02,AIRECABLE,0.00164
15-mar-02,ULTRAVISION,0.00489
15-mar-02,MEGACABLE-MCM,0.18978
15-mar-02,DISH-MVS,0.07698
15-mar-02,CABLEVISION RED,0.05383
15-mar-02,CABLECOM,0.08968
15-mar-02,TV REY,0.00168
15-jun-02,DISH-MVS,0.07277
15-jun-02,TV REY,0.00186
15-jun-02,GRUPO TELEVISA,0.43922
15-jun-02,AIRECABLE,0.00173
15-jun-02,ULTRAVISION,0.00476
15-jun-02,MEGACABLE-MCM,0.19116
15-jun-02,CABLECOM,0.09032
15-jun-02,CABLEVISION RED,0.05448
15-jun-02,OTROS,0.14369
15-sep-02,TV REY,0.00215
15-sep-02,AIRECABLE,0.00183
15-sep-02,CABLEVISION RED,0.05422
15-sep-02,OTROS,0.14927
15-sep-02,CABLECOM,0.09139
15-sep-02,GRUPO TELEVISA,0.43865
15-sep-02,ULTRAVISION,0.00483
15-sep-02,MEGACABLE-MCM,0.19428
15-sep-02,DISH-MVS,0.06338
15DEC2002,CABLEVISION RED,0.05322
15DEC2002,MEGACABLE-MCM,0.19006
15DEC2002,GRUPO TELEVISA,0.4359
15DEC2002,CABLECOM,0.08976
15DEC2002,AIRECABLE,0.00189
15DEC2002,TV REY,0.00225
15DEC2002,DISH-MVS,0.06593
15DEC2002,OTROS,0.15618
15DEC2002,ULTRAVISION,0.00481
15-mar-03,DISH-MVS,0.07273
15-mar-03,ULTRAVISION,0.00528
15-mar-03,AIRECABLE,0.00204
15-mar-03,GRUPO TELEVISA,0.42476
15-mar-03,CABLECOM,0.09053
15-mar-03,OTROS,0.1617
15-mar-03,CABLEVISION RED,0.05253
15-mar-03,TV REY,0.00225
15-mar-03,MEGACABLE-MCM,0.18819
15-jun-03,DISH-MVS,0.08169
15-jun-03,AIRECABLE,0.00212
15-jun-03,OTROS,0.16047
15-jun-03,CABLEVISION RED,0.0515
15-jun-03,TV REY,0.00222
15-jun-03,CABLECOM,0.08986
15-jun-03,ULTRAVISION,0.00613
15-jun-03,MEGACABLE-MCM,0.18529
15-jun-03,GRUPO TELEVISA,0.42073
15-sep-03,GRUPO TELEVISA,0.41258
15-sep-03,CABLECOM,0.08903
15-sep-03,AIRECABLE,0.0021
15-sep-03,MEGACABLE-MCM,0.18422
15-sep-03,TV REY,0.00223
15-sep-03,ULTRAVISION,0.00644
15-sep-03,DISH-MVS,0.09682
15-sep-03,OTROS,0.15663
15-sep-03,CABLEVISION RED,0.04996
15DEC2003,GRUPO TELEVISA,0.41043
15DEC2003,MEGACABLE-MCM,0.1828
15DEC2003,OTROS,0.1532
15DEC2003,CABLECOM,0.08669
15DEC2003,AIRECABLE,0.00218
15DEC2003,ULTRAVISION,0.0063
15DEC2003,TV REY,0.00207
15DEC2003,DISH-MVS,0.10846
15DEC2003,CABLEVISION RED,0.04788
15-mar-04,ULTRAVISION,0.00654
15-mar-04,OTROS,0.15127
15-mar-04,DISH-MVS,0.11749
15-mar-04,CABLECOM,0.08551
15-mar-04,TV REY,0.00196
15-mar-04,AIRECABLE,0.00217
15-mar-04,MEGACABLE-MCM,0.18501
15-mar-04,GRUPO TELEVISA,0.40338
15-mar-04,CABLEVISION RED,0.04667
15-jun-04,DISH-MVS,0.12272
15-jun-04,GRUPO TELEVISA,0.40225
15-jun-04,TV REY,0.00184
15-jun-04,MEGACABLE-MCM,0.18555
15-jun-04,CABLECOM,0.08532
15-jun-04,ULTRAVISION,0.00666
15-jun-04,OTROS,0.14739
15-jun-04,CABLEVISION RED,0.04613
15-jun-04,AIRECABLE,0.00214
15-sep-04,CABLEVISION RED,0.04582
15-sep-04,ULTRAVISION,0.00707
15-sep-04,CABLECOM,0.0867
15-sep-04,MEGACABLE-MCM,0.1878
15-sep-04,GRUPO TELEVISA,0.39877
15-sep-04,OTROS,0.14025
15-sep-04,TV REY,0.00168
15-sep-04,DISH-MVS,0.12978
15-sep-04,AIRECABLE,0.00213
15DEC2004,DISH-MVS,0.13337
15DEC2004,TV REY,0.00162
15DEC2004,CABLEVISION RED,0.04542
15DEC2004,MEGACABLE-MCM,0.19054
15DEC2004,CABLECOM,0.08593
15DEC2004,OTROS,0.12334
15DEC2004,AIRECABLE,0.00212
15DEC2004,GRUPO TELEVISA,0.41044
15DEC2004,ULTRAVISION,0.00722
15-mar-05,DISH-MVS,0.14033
15-mar-05,OTROS,0.09562
15-mar-05,CABLECOM,0.08633
15-mar-05,GRUPO TELEVISA,0.43114
15-mar-05,CABLEVISION RED,0.04551
15-mar-05,TV REY,0.00159
15-mar-05,MEGACABLE-MCM,0.18999
15-mar-05,AIRECABLE,0.00209
15-mar-05,ULTRAVISION,0.00739
15-jun-05,DISH-MVS,0.14538
15-jun-05,ULTRAVISION,0.00768
15-jun-05,CABLEVISION RED,0.04483
15-jun-05,OTROS,0.08337
15-jun-05,TV REY,0.00153
15-jun-05,MEGACABLE-MCM,0.18989
15-jun-05,CABLECOM,0.08464
15-jun-05,AIRECABLE,0.00199
15-jun-05,GRUPO TELEVISA,0.44069
15-sep-05,CABLEVISION RED,0.04381
15-sep-05,CABLECOM,0.08326
15-sep-05,MEGACABLE-MCM,0.19062
15-sep-05,AIRECABLE,0.00187
15-sep-05,OTROS,0.08269
15-sep-05,ULTRAVISION,0.00793
15-sep-05,DISH-MVS,0.14846
15-sep-05,GRUPO TELEVISA,0.43986
15-sep-05,TV REY,0.00149
15DEC2005,CABLECOM,0.08214
15DEC2005,CABLEVISION RED,0.04312
15DEC2005,DISH-MVS,0.14766
15DEC2005,ULTRAVISION,0.0081
15DEC2005,GRUPO TELEVISA,0.43856
15DEC2005,TV REY,0.00146
15DEC2005,MEGACABLE-MCM,0.19391
15DEC2005,AIRECABLE,0.00177
15DEC2005,OTROS,0.08328
15-mar-06,TV REY,0.00146
15-mar-06,ULTRAVISION,0.00857
15-mar-06,GRUPO TELEVISA,0.46139
15-mar-06,CABLEVISION RED,0.04489
15-mar-06,OTROS,0.08607
15-mar-06,CABLECOM,0.08445
15-mar-06,AIRECABLE,0.00178
15-mar-06,MEGACABLE-MCM,0.19827
15-mar-06,DISH-MVS,0.11313
15-jun-06,DISH-MVS,0.10876
15-jun-06,CABLECOM,0.08381
15-jun-06,AIRECABLE,0.00169
15-jun-06,TV REY,0.00142
15-jun-06,MEGACABLE-MCM,0.20034
15-jun-06,GRUPO TELEVISA,0.46554
15-jun-06,OTROS,0.08532
15-jun-06,ULTRAVISION,0.00846
15-jun-06,CABLEVISION RED,0.04465
15-sep-06,AIRECABLE,0.0017
15-sep-06,GRUPO TELEVISA,0.4655
15-sep-06,TV REY,0.0014
15-sep-06,OTROS,0.0863
15-sep-06,ULTRAVISION,0.00889
15-sep-06,CABLEVISION RED,0.04596
15-sep-06,CABLECOM,0.08413
15-sep-06,DISH-MVS,0.10724
15-sep-06,MEGACABLE-MCM,0.19888
15DEC2006,AIRECABLE,0.00172
15DEC2006,MEGACABLE-MCM,0.20045
15DEC2006,CABLEVISION RED,0.04628
15DEC2006,CABLECOM,0.0842
15DEC2006,GRUPO TELEVISA,0.46536
15DEC2006,DISH-MVS,0.10573
15DEC2006,OTROS,0.08585
15DEC2006,TV REY,0.00136
15DEC2006,ULTRAVISION,0.00905
15-mar-07,AIRECABLE,0.00168
15-mar-07,GRUPO TELEVISA,0.46553
15-mar-07,CABLECOM,0.08365
15-mar-07,MEGACABLE-MCM,0.20218
15-mar-07,DISH-MVS,0.10387
15-mar-07,TV REY,0.00141
15-mar-07,ULTRAVISION,0.00931
15-mar-07,CABLEVISION RED,0.04674
15-mar-07,OTROS,0.08563
15-jun-07,AIRECABLE,0.00163
15-jun-07,DISH-MVS,0.10113
15-jun-07,CABLEVISION RED,0.0465
15-jun-07,CABLECOM,0.08355
15-jun-07,MEGACABLE-MCM,0.20362
15-jun-07,GRUPO TELEVISA,0.46734
15-jun-07,ULTRAVISION,0.00966
15-jun-07,OTROS,0.08511
15-jun-07,TV REY,0.00147
15-sep-07,MEGACABLE-MCM,0.20451
15-sep-07,CABLEVISION RED,0.04673
15-sep-07,ULTRAVISION,0.00997
15-sep-07,OTROS,0.08464
15-sep-07,DISH-MVS,0.09773
15-sep-07,CABLECOM,0.08369
15-sep-07,MAXCOM,0.00043
15-sep-07,GRUPO TELEVISA,0.46924
15-sep-07,TV REY,0.00145
15-sep-07,AIRECABLE,0.0016
15DEC2007,CABLEVISION RED,0.04673
15DEC2007,MAXCOM,0.00092
15DEC2007,GRUPO TELEVISA,0.4665
15DEC2007,MEGACABLE-MCM,0.20762
15DEC2007,OTROS,0.08731
15DEC2007,DISH-MVS,0.09451
15DEC2007,TV REY,0.0014
15DEC2007,ULTRAVISION,0.01028
15DEC2007,AIRECABLE,0.00158
15DEC2007,CABLECOM,0.08314
15-mar-08,DISH-MVS,0.09073
15-mar-08,CABLEVISION RED,0.04616
15-mar-08,CABLECOM,0.08279
15-mar-08,MAXCOM,0.00123
15-mar-08,GRUPO TELEVISA,0.46447
15-mar-08,ULTRAVISION,0.01071
15-mar-08,MEGACABLE-MCM,0.21167
15-mar-08,OTROS,0.08932
15-mar-08,AIRECABLE,0.00155
15-mar-08,TV REY,0.00136
15-jun-08,DISH-MVS,0.08773
15-jun-08,CABLEVISION RED,0.04516
15-jun-08,CABLECOM,0.08284
15-jun-08,GRUPO TELEVISA,0.46575
15-jun-08,AIRECABLE,0.00153
15-jun-08,MEGACABLE-MCM,0.21297
15-jun-08,MAXCOM,0.00146
15-jun-08,TV REY,0.00133
15-jun-08,OTROS,0.09031
15-jun-08,ULTRAVISION,0.01089
15-sep-08,TV REY,0.00131
15-sep-08,MAXCOM,0.00154
15-sep-08,MEGACABLE-MCM,0.21266
15-sep-08,CABLEVISION RED,0.04466
15-sep-08,CABLECOM,0.08353
15-sep-08,DISH-MVS,0.08443
15-sep-08,GRUPO TELEVISA,0.46696
15-sep-08,AIRECABLE,0.00158
15-sep-08,OTROS,0.09242
15-sep-08,ULTRAVISION,0.01092
15DEC2008,DISH-MVS,0.08047
15DEC2008,CABLEVISION RED,0.0442
15DEC2008,CABLECOM,0.08443
15DEC2008,MAXCOM,0.00145
15DEC2008,GRUPO TELEVISA,0.46581
15DEC2008,ULTRAVISION,0.01084
15DEC2008,AIRECABLE,0.00157
15DEC2008,OTROS,0.09428
15DEC2008,TV REY,0.00129
15DEC2008,MEGACABLE-MCM,0.21565
15-mar-09,DISH-MVS,0.08268
15-mar-09,MAXCOM,0.00132
15-mar-09,CABLECOM,0.0852
15-mar-09,AIRECABLE,0.00156
15-mar-09,ULTRAVISION,0.01088
15-mar-09,GRUPO TELEVISA,0.46404
15-mar-09,CABLEVISION RED,0.04305
15-mar-09,TV REY,0.00222
15-mar-09,OTROS,0.09454
15-mar-09,MEGACABLE-MCM,0.21453
15-jun-09,DISH-MVS,0.09964
15-jun-09,CABLEVISION RED,0.0416
15-jun-09,ULTRAVISION,0.01057
15-jun-09,CABLECOM,0.08446
15-jun-09,MAXCOM,0.00125
15-jun-09,MEGACABLE-MCM,0.21003
15-jun-09,AIRECABLE,0.00152
15-jun-09,OTROS,0.09349
15-jun-09,TV REY,0.00237
15-jun-09,GRUPO TELEVISA,0.45508
15-sep-09,DISH-MVS,0.12421
15-sep-09,CABLECOM,0.0824
15-sep-09,MAXCOM,0.00121
15-sep-09,AIRECABLE,0.00149
15-sep-09,ULTRAVISION,0.00987
15-sep-09,MEGACABLE-MCM,0.20235
15-sep-09,GRUPO TELEVISA,0.44515
15-sep-09,CABLEVISION RED,0.03997
15-sep-09,OTROS,0.09098
15-sep-09,TV REY,0.00237
15DEC2009,CABLEVISION RED,0.03817
15DEC2009,CABLECOM,0.07936
15DEC2009,GRUPO TELEVISA,0.44571
15DEC2009,MEGACABLE-MCM,0.19671
15DEC2009,AIRECABLE,0.00144
15DEC2009,OTROS,0.08887
15DEC2009,TV REY,0.00226
15DEC2009,MAXCOM,0.00121
15DEC2009,ULTRAVISION,0.00893
15DEC2009,DISH-MVS,0.13735
15-mar-10,ULTRAVISION,0.00786
15-mar-10,CABLEVISION RED,0.03589
15-mar-10,MAXCOM,0.00121
15-mar-10,CABLECOM,0.07486
15-mar-10,MEGACABLE-MCM,0.18567
15-mar-10,AIRECABLE,0.00133
15-mar-10,GRUPO TELEVISA,0.44706
15-mar-10,OTROS,0.0842
15-mar-10,TV REY,0.00211
15-mar-10,DISH-MVS,0.15979
15-jun-10,CABLEVISION RED,0.03387
15-jun-10,CABLECOM,0.07066
15-jun-10,MAXCOM,0.00124
15-jun-10,AIRECABLE,0.00126
15-jun-10,ULTRAVISION,0.00651
15-jun-10,MEGACABLE-MCM,0.17894
15-jun-10,GRUPO TELEVISA,0.45285
15-jun-10,OTROS,0.07949
15-jun-10,TV REY,0.00198
15-jun-10,DISH-MVS,0.17321
15-sep-10,CABLEVISION RED,0.03237
15-sep-10,CABLECOM,0.06727
15-sep-10,DISH-MVS,0.18403
15-sep-10,ULTRAVISION,0.00552
15-sep-10,MEGACABLE-MCM,0.17202
15-sep-10,MAXCOM,0.0013
15-sep-10,GRUPO TELEVISA,0.45869
15-sep-10,OTROS,0.07574
15-sep-10,AIRECABLE,0.00118
15-sep-10,TV REY,0.00187
15DEC2010,CABLEVISION RED,0.03149
15DEC2010,CABLECOM,0.06586
15DEC2010,GRUPO TELEVISA,0.47532
15DEC2010,MAXCOM,0.00139
15DEC2010,OTROS,0.06903
15DEC2010,AIRECABLE,0.00117
15DEC2010,MEGACABLE-MCM,0.16663
15DEC2010,ULTRAVISION,0.00496
15DEC2010,TV REY,0.00181
15DEC2010,DISH-MVS,0.18236
15-mar-11,AIRECABLE,0.00111
15-mar-11,CABLEVISION RED,0.03057
15-mar-11,ULTRAVISION,0.00448
15-mar-11,MAXCOM,0.00147
15-mar-11,CABLECOM,0.06364
15-mar-11,GRUPO TELEVISA,0.48627
15-mar-11,MEGACABLE-MCM,0.15931
15-mar-11,OTROS,0.06698
15-mar-11,TV REY,0.00173
15-mar-11,DISH-MVS,0.18443
15-jun-11,CABLEVISION RED,0.0303
15-jun-11,CABLECOM,0.06175
15-jun-11,AIRECABLE,0.00109
15-jun-11,MAXCOM,0.00156
15-jun-11,MEGACABLE-MCM,0.15614
15-jun-11,ULTRAVISION,0.00425
15-jun-11,OTROS,0.06283
15-jun-11,TV REY,0.00167
15-jun-11,GRUPO TELEVISA,0.49704
15-jun-11,DISH-MVS,0.18337
15-sep-11,MEGACABLE-MCM,0.15338
15-sep-11,CABLEVISION RED,0.03011
15-sep-11,CABLECOM,0.06024
15-sep-11,AIRECABLE,0.00105
15-sep-11,MAXCOM,0.00164
15-sep-11,ULTRAVISION,0.00395
15-sep-11,GRUPO TELEVISA,0.50363
15-sep-11,OTROS,0.06136
15-sep-11,DISH-MVS,0.18302
15-sep-11,TV REY,0.00161
15DEC2011,ULTRAVISION,0.00366
15DEC2011,CABLEVISION RED,0.03024
15DEC2011,CABLECOM,0.05925
15DEC2011,AIRECABLE,0.00103
15DEC2011,OTROS,0.05927
15DEC2011,MEGACABLE-MCM,0.15288
15DEC2011,MAXCOM,0.00173
15DEC2011,GRUPO TELEVISA,0.50983
15DEC2011,TV REY,0.0016
15DEC2011,DISH-MVS,0.18052
15-mar-12,AIRECABLE,0.00103
15-mar-12,GRUPO TELEVISA,0.51806
15-mar-12,CABLECOM,0.05782
15-mar-12,CABLEVISION RED,0.02974
15-mar-12,MEGACABLE-MCM,0.15103
15-mar-12,MAXCOM,0.00178
15-mar-12,OTROS,0.05696
15-mar-12,ULTRAVISION,0.00336
15-mar-12,TV REY,0.00161
15-mar-12,DISH-MVS,0.1786
15-jun-12,CABLEVISION RED,0.02913
15-jun-12,CABLECOM,0.05608
15-jun-12,AIRECABLE,0.00107
15-jun-12,OTROS,0.05632
15-jun-12,ULTRAVISION,0.00332
15-jun-12,MEGACABLE-MCM,0.14982
15-jun-12,MAXCOM,0.00182
15-jun-12,GRUPO TELEVISA,0.52595
15-jun-12,TV REY,0.00163
15-jun-12,DISH-MVS,0.17487
15-sep-12,MEGACABLE-MCM,0.14631
15-sep-12,GRUPO TELEVISA,0.53647
15-sep-12,CABLECOM,0.05427
15-sep-12,AIRECABLE,0.00107
15-sep-12,CABLEVISION RED,0.02875
15-sep-12,DISH-MVS,0.17102
15-sep-12,OTROS,0.05526
15-sep-12,ULTRAVISION,0.00336
15-sep-12,TV REY,0.00165
15-sep-12,MAXCOM,0.00184
15DEC2012,ULTRAVISION,0.00334
15DEC2012,CABLECOM,0.05327
15DEC2012,CABLEVISION RED,0.02852
15DEC2012,AIRECABLE,0.00107
15DEC2012,OTROS,0.05433
15DEC2012,MEGACABLE-MCM,0.14588
15DEC2012,MAXCOM,0.00185
15DEC2012,GRUPO TELEVISA,0.54443
15DEC2012,TV REY,0.00169
15DEC2012,DISH-MVS,0.16562
15JAN2013,CABLEVISION RED,0.03126
15JAN2013,ULTRAVISION,0.00342
15JAN2013,AXTEL,0.00035
15JAN2013,TOTALPLAY,0.0027
15JAN2013,GRUPO TELEVISA,0.5612
15JAN2013,CABLECOM,0.05575
15JAN2013,MAXCOM,0.00555
15JAN2013,MEGACABLE-MCM,0.16719
15JAN2013,AIRECABLE,0.0011
15JAN2013,TV REY,0.00175
15JAN2013,DISH-MVS,0.16972
15-feb-13,AXTEL,0.00073
15-feb-13,AIRECABLE,0.00108
15-feb-13,CABLECOM,0.05532
15-feb-13,CABLEVISION RED,0.03133
15-feb-13,TOTALPLAY,0.00281
15-feb-13,MEGACABLE-MCM,0.16501
15-feb-13,MAXCOM,0.00552
15-feb-13,ULTRAVISION,0.00333
15-feb-13,GRUPO TELEVISA,0.56332
15-feb-13,TV REY,0.00176
15-feb-13,DISH-MVS,0.1698
15-mar-13,AXTEL,0.00115
15-mar-13,ULTRAVISION,0.00333
15-mar-13,AIRECABLE,0.00106
15-mar-13,CABLEVISION RED,0.03109
15-mar-13,TOTALPLAY,0.00289
15-mar-13,CABLECOM,0.05519
15-mar-13,MAXCOM,0.0054
15-mar-13,MEGACABLE-MCM,0.16449
15-mar-13,GRUPO TELEVISA,0.56621
15-mar-13,DISH-MVS,0.16742
15-mar-13,TV REY,0.00177
15APR2013,AXTEL,0.00153
15APR2013,AIRECABLE,0.00106
15APR2013,CABLECOM,0.05563
15APR2013,CABLEVISION RED,0.03107
15APR2013,TOTALPLAY,0.00301
15APR2013,TV REY,0.00177
15APR2013,MEGACABLE-MCM,0.16319
15APR2013,MAXCOM,0.00537
15APR2013,ULTRAVISION,0.00326
15APR2013,GRUPO TELEVISA,0.56856
15APR2013,DISH-MVS,0.16553
15-may-13,CABLECOM,0.05562
15-may-13,AXTEL,0.0019
15-may-13,AIRECABLE,0.00107
15-may-13,GRUPO TELEVISA,0.57272
15-may-13,CABLEVISION RED,0.03101
15-may-13,TOTALPLAY,0.00323
15-may-13,ULTRAVISION,0.00321
15-may-13,MEGACABLE-MCM,0.16174
15-may-13,MAXCOM,0.00537
15-may-13,TV REY,0.00179
15-may-13,DISH-MVS,0.16233
15-jun-13,AXTEL,0.0023
15-jun-13,CABLECOM,0.05449
15-jun-13,CABLEVISION RED,0.03097
15-jun-13,TOTALPLAY,0.00347
15-jun-13,AIRECABLE,0.00108
15-jun-13,MEGACABLE-MCM,0.16195
15-jun-13,MAXCOM,0.00537
15-jun-13,GRUPO TELEVISA,0.5774
15-jun-13,TV REY,0.0018
15-jun-13,ULTRAVISION,0.00321
15-jun-13,DISH-MVS,0.15796
15-jul-13,AIRECABLE,0.00109
15-jul-13,MEGACABLE-MCM,0.16074
15-jul-13,CABLECOM,0.05522
15-jul-13,CABLEVISION RED,0.03076
15-jul-13,DISH-MVS,0.1553
15-jul-13,TOTALPLAY,0.00368
15-jul-13,MAXCOM,0.00541
15-jul-13,AXTEL,0.00269
15-jul-13,TV REY,0.00182
15-jul-13,ULTRAVISION,0.00317
15-jul-13,GRUPO TELEVISA,0.58011
15AUG2013,AIRECABLE,0.00109
15AUG2013,AXTEL,0.00308
15AUG2013,CABLECOM,0.05489
15AUG2013,CABLEVISION RED,0.03075
15AUG2013,TOTALPLAY,0.00389
15AUG2013,MEGACABLE-MCM,0.15975
15AUG2013,MAXCOM,0.00542
15AUG2013,ULTRAVISION,0.0031
15AUG2013,GRUPO TELEVISA,0.58247
15AUG2013,TV REY,0.00184
15AUG2013,DISH-MVS,0.15371
15-sep-13,AIRECABLE,0.00108
15-sep-13,AXTEL,0.00343
15-sep-13,CABLECOM,0.05434
15-sep-13,CABLEVISION RED,0.03059
15-sep-13,TOTALPLAY,0.0041
15-sep-13,ULTRAVISION,0.00307
15-sep-13,GRUPO TELEVISA,0.58455
15-sep-13,MEGACABLE-MCM,0.15898
15-sep-13,MAXCOM,0.00538
15-sep-13,TV REY,0.00185
15-sep-13,DISH-MVS,0.15262
15-oct-13,AIRECABLE,0.00107
15-oct-13,AXTEL,0.00385
15-oct-13,CABLECOM,0.05424
15-oct-13,CABLEVISION RED,0.03046
15-oct-13,TOTALPLAY,0.00431
15-oct-13,ULTRAVISION,0.00306
15-oct-13,MEGACABLE-MCM,0.15798
15-oct-13,MAXCOM,0.00538
15-oct-13,TV REY,0.00181
15-oct-13,GRUPO TELEVISA,0.58549
15-oct-13,DISH-MVS,0.15236
15-nov-13,CABLECOM,0.05377
15-nov-13,AXTEL,0.00419
15-nov-13,CABLEVISION RED,0.03029
15-nov-13,TOTALPLAY,0.00452
15-nov-13,DISH-MVS,0.1533
15-nov-13,MAXCOM,0.00525
15-nov-13,MEGACABLE-MCM,0.15711
15-nov-13,GRUPO TELEVISA,0.58567
15-nov-13,ULTRAVISION,0.00302
15-nov-13,TV REY,0.00182
15-nov-13,AIRECABLE,0.00107
15DEC2013,AXTEL,0.00441
15DEC2013,CABLECOM,0.05284
15DEC2013,CABLEVISION RED,0.03033
15DEC2013,TOTALPLAY,0.00471
15DEC2013,ULTRAVISION,0.00302
15DEC2013,MEGACABLE-MCM,0.15623
15DEC2013,MAXCOM,0.00518
15DEC2013,GRUPO TELEVISA,0.58394
15DEC2013,TV REY,0.00183
15DEC2013,AIRECABLE,0.00107
15DEC2013,DISH-MVS,0.15644
15JAN2014,AXTEL,0.00464
15JAN2014,CABLECOM,0.05343
15JAN2014,GRUPO TELEVISA,0.58271
15JAN2014,TOTALPLAY,0.00457
15JAN2014,ULTRAVISION,0.00292
15JAN2014,CABLEVISION RED,0.03013
15JAN2014,MEGACABLE-MCM,0.15618
15JAN2014,MAXCOM,0.00508
15JAN2014,TV REY,0.00189
15JAN2014,AIRECABLE,0.00105
15JAN2014,DISH-MVS,0.15738
15-feb-14,AXTEL,0.00473
15-feb-14,CABLECOM,0.05171
15-feb-14,ULTRAVISION,0.00286
15-feb-14,CABLEVISION RED,0.03002
15-feb-14,TOTALPLAY,0.00491
15-feb-14,MEGACABLE-MCM,0.15518
15-feb-14,MAXCOM,0.00501
15-feb-14,GRUPO TELEVISA,0.58049
15-feb-14,TV REY,0.00187
15-feb-14,AIRECABLE,0.00105
15-feb-14,DISH-MVS,0.16219
15-mar-14,CABLECOM,0.05128
15-mar-14,MEGACABLE-MCM,0.1553
15-mar-14,CABLEVISION RED,0.0298
15-mar-14,TOTALPLAY,0.00526
15-mar-14,AXTEL,0.00495
15-mar-14,MAXCOM,0.00496
15-mar-14,ULTRAVISION,0.00285
15-mar-14,GRUPO TELEVISA,0.58096
15-mar-14,TV REY,0.00186
15-mar-14,AIRECABLE,0.00103
15-mar-14,DISH-MVS,0.16176
15APR2014,AXTEL,0.00512
15APR2014,CABLECOM,0.05084
15APR2014,CABLEVISION RED,0.02966
15APR2014,TOTALPLAY,0.0056
15APR2014,MEGACABLE-MCM,0.15474
15APR2014,MAXCOM,0.00489
15APR2014,ULTRAVISION,0.00281
15APR2014,GRUPO TELEVISA,0.58094
15APR2014,TV REY,0.00184
15APR2014,AIRECABLE,0.00102
15APR2014,DISH-MVS,0.16254
15-may-14,ULTRAVISION,0.00279
15-may-14,AXTEL,0.00529
15-may-14,CABLECOM,0.05028
15-may-14,TOTALPLAY,0.00601
15-may-14,MAXCOM,0.00482
15-may-14,MEGACABLE-MCM,0.15527
15-may-14,CABLEVISION RED,0.02951
15-may-14,TV REY,0.00183
15-may-14,AIRECABLE,0.00101
15-may-14,GRUPO TELEVISA,0.581
15-may-14,DISH-MVS,0.16218
15-jun-14,AXTEL,0.00544
15-jun-14,CABLECOM,0.04992
15-jun-14,CABLEVISION RED,0.02943
15-jun-14,TOTALPLAY,0.00632
15-jun-14,MEGACABLE-MCM,0.15561
15-jun-14,MAXCOM,0.00475
15-jun-14,GRUPO TELEVISA,0.58068
15-jun-14,TV REY,0.00181
15-jun-14,ULTRAVISION,0.00267
15-jun-14,AIRECABLE,0.00101
15-jun-14,DISH-MVS,0.16236
15-jul-14,CABLECOM,0.04909
15-jul-14,MEGACABLE-MCM,0.15502
15-jul-14,CABLEVISION RED,0.02943
15-jul-14,AXTEL,0.0056
15-jul-14,TOTALPLAY,0.00662
15-jul-14,ULTRAVISION,0.00265
15-jul-14,DISH-MVS,0.16199
15-jul-14,MAXCOM,0.00469
15-jul-14,GRUPO TELEVISA,0.58213
15-jul-14,AIRECABLE,0.00101
15-jul-14,TV REY,0.00178
15AUG2014,AXTEL,0.00575
15AUG2014,CABLEVISION RED,0.02927
15AUG2014,TOTALPLAY,0.00678
15AUG2014,MEGACABLE-MCM,0.15499
15AUG2014,MAXCOM,0.00467
15AUG2014,GRUPO TELEVISA,0.63091
15AUG2014,AIRECABLE,0.00101
15AUG2014,TV REY,0.00177
15AUG2014,ULTRAVISION,0.00248
15AUG2014,DISH-MVS,0.16237
15-sep-14,GRUPO TELEVISA,0.6298
15-sep-14,AXTEL,0.00585
15-sep-14,ULTRAVISION,0.00239
15-sep-14,CABLEVISION RED,0.02914
15-sep-14,TOTALPLAY,0.00697
15-sep-14,MEGACABLE-MCM,0.15487
15-sep-14,MAXCOM,0.00463
15-sep-14,AIRECABLE,0.00101
15-sep-14,TV REY,0.00176
15-sep-14,DISH-MVS,0.16358
15-oct-14,AXTEL,0.00598
15-oct-14,CABLEVISION RED,0.02886
15-oct-14,TOTALPLAY,0.00714
15-oct-14,MEGACABLE-MCM,0.15435
15-oct-14,MAXCOM,0.00459
15-oct-14,ULTRAVISION,0.00232
15-oct-14,GRUPO TELEVISA,0.63135
15-oct-14,AIRECABLE,0.001
15-oct-14,TV REY,0.0017
15-oct-14,DISH-MVS,0.16272
15-nov-14,ULTRAVISION,0.00222
15-nov-14,AXTEL,0.00607
15-nov-14,AIRECABLE,0.001
15-nov-14,MEGACABLE-MCM,0.15622
15-nov-14,CABLEVISION RED,0.02886
15-nov-14,TOTALPLAY,0.00742
15-nov-14,DISH-MVS,0.16313
15-nov-14,MAXCOM,0.00456
15-nov-14,GRUPO TELEVISA,0.62882
15-nov-14,TV REY,0.00171
15DEC2014,AXTEL,0.00613
15DEC2014,AIRECABLE,0.00101
15DEC2014,CABLEVISION RED,0.02892
15DEC2014,TOTALPLAY,0.00774
15DEC2014,MEGACABLE-MCM,0.15772
15DEC2014,MAXCOM,0.0045
15DEC2014,GRUPO TELEVISA,0.62584
15DEC2014,TV REY,0.00174
15DEC2014,ULTRAVISION,0.00217
15DEC2014,DISH-MVS,0.16422
15JAN2015,AXTEL,0.00616
15JAN2015,TOTALPLAY,0.00808
15JAN2015,ULTRAVISION,0.00207
15JAN2015,GRUPO TELEVISA,0.65579
15JAN2015,MAXCOM,0.00438
15JAN2015,MEGACABLE-MCM,0.15808
15JAN2015,AIRECABLE,0.00101
15JAN2015,TV REY,0.00143
15JAN2015,DISH-MVS,0.163
15-feb-15,MAXCOM,0.00427
15-feb-15,AXTEL,0.0062
15-feb-15,ULTRAVISION,0.00183
15-feb-15,TOTALPLAY,0.00858
15-feb-15,GRUPO TELEVISA,0.65232
15-feb-15,MEGACABLE-MCM,0.15834
15-feb-15,AIRECABLE,0.00101
15-feb-15,TV REY,0.0017
15-feb-15,DISH-MVS,0.16574
15-mar-15,TOTALPLAY,0.00919
15-mar-15,MAXCOM,0.00415
15-mar-15,MEGACABLE-MCM,0.15876
15-mar-15,ULTRAVISION,0.00175
15-mar-15,AIRECABLE,0.00101
15-mar-15,DISH-MVS,0.16747
15-mar-15,AXTEL,0.00626
15-mar-15,TV REY,0.00167
15-mar-15,GRUPO TELEVISA,0.64974
15APR2015,ULTRAVISION,0.00176
15APR2015,AXTEL,0.00624
15APR2015,TOTALPLAY,0.00916
15APR2015,MEGACABLE-MCM,0.15932
15APR2015,AIRECABLE,0.00101
15APR2015,MAXCOM,0.00401
15APR2015,GRUPO TELEVISA,0.64847
15APR2015,TV REY,0.00146
15APR2015,DISH-MVS,0.16857
15-may-15,AXTEL,0.00618
15-may-15,TOTALPLAY,0.0093
15-may-15,GRUPO TELEVISA,0.64686
15-may-15,MAXCOM,0.00391
15-may-15,MEGACABLE-MCM,0.15955
15-may-15,AIRECABLE,0.00101
15-may-15,TV REY,0.00144
15-may-15,ULTRAVISION,0.00174
15-may-15,DISH-MVS,0.17001
15-jun-15,AXTEL,0.00618
15-jun-15,TOTALPLAY,0.0095
15-jun-15,ULTRAVISION,0.0017
15-jun-15,MEGACABLE-MCM,0.15989
15-jun-15,AIRECABLE,0.00101
15-jun-15,MAXCOM,0.00377
15-jun-15,GRUPO TELEVISA,0.64452
15-jun-15,TV REY,0.00148
15-jun-15,DISH-MVS,0.17195
15-jul-15,AXTEL,0.00619
15-jul-15,ULTRAVISION,0.00163
15-jul-15,MEGACABLE-MCM,0.16016
15-jul-15,GRUPO TELEVISA,0.64385
15-jul-15,TOTALPLAY,0.00994
15-jul-15,MAXCOM,0.00358
15-jul-15,AIRECABLE,0.001
15-jul-15,TV REY,0.00092
15-jul-15,DISH-MVS,0.17273
15AUG2015,AXTEL,0.0062
15AUG2015,TOTALPLAY,0.01039
15AUG2015,MEGACABLE-MCM,0.16069
15AUG2015,AIRECABLE,0.001
15AUG2015,MAXCOM,0.0035
15AUG2015,ULTRAVISION,0.00158
15AUG2015,GRUPO TELEVISA,0.64218
15AUG2015,TV REY,0.00089
15AUG2015,DISH-MVS,0.17357
15-sep-15,ULTRAVISION,0.00151
15-sep-15,AXTEL,0.00625
15-sep-15,TOTALPLAY,0.01089
15-sep-15,MAXCOM,0.00342
15-sep-15,MEGACABLE-MCM,0.1604
15-sep-15,AIRECABLE,0.00099
15-sep-15,GRUPO TELEVISA,0.63979
15-sep-15,TV REY,0.00086
15-sep-15,DISH-MVS,0.1759
15-oct-15,AXTEL,0.00631
15-oct-15,TOTALPLAY,0.01161
15-oct-15,MAXCOM,0.00342
15-oct-15,MEGACABLE-MCM,0.16039
15-oct-15,AIRECABLE,0.00098
15-oct-15,ULTRAVISION,0.00149
15-oct-15,GRUPO TELEVISA,0.63872
15-oct-15,TV REY,0.00141
15-oct-15,DISH-MVS,0.17568
15-nov-15,AXTEL,0.00636
15-nov-15,TOTALPLAY,0.01226
15-nov-15,ULTRAVISION,0.00145
15-nov-15,MAXCOM,0.00337
15-nov-15,GRUPO TELEVISA,0.63691
15-nov-15,AIRECABLE,0.00098
15-nov-15,MEGACABLE-MCM,0.16114
15-nov-15,TV REY,0.00138
15-nov-15,DISH-MVS,0.17614
15DEC2015,AXTEL,0.0063
15DEC2015,TOTALPLAY,0.01301
15DEC2015,ULTRAVISION,0.0014
15DEC2015,AIRECABLE,0.00096
15DEC2015,MEGACABLE-MCM,0.1642
15DEC2015,MAXCOM,0.00331
15DEC2015,GRUPO TELEVISA,0.63329
15DEC2015,TV REY,0.00134
15DEC2015,DISH-MVS,0.17619
15JAN2016,AIRECABLE,0.00089
15JAN2016,AXTEL,0.00591
15JAN2016,TOTALPLAY,0.01266
15JAN2016,ULTRAVISION,0.00129
15JAN2016,MAXCOM,0.00303
15JAN2016,MEGACABLE-MCM,0.15611
15JAN2016,GRUPO TELEVISA,0.65307
15JAN2016,TV REY,0.00121
15JAN2016,DISH-MVS,0.16582
15-feb-16,TOTALPLAY,0.01316
15-feb-16,ULTRAVISION,0.00135
15-feb-16,AXTEL,0.00591
15-feb-16,AIRECABLE,0.00089
15-feb-16,MEGACABLE-MCM,0.1542
15-feb-16,GRUPO TELEVISA,0.65413
15-feb-16,TV REY,0.00118
15-feb-16,MAXCOM,0.00294
15-feb-16,DISH-MVS,0.16626
15-mar-16,MEGACABLE-MCM,0.15054
15-mar-16,TOTALPLAY,0.01354
15-mar-16,ULTRAVISION,0.00132
15-mar-16,AIRECABLE,0.00086
15-mar-16,MAXCOM,0.00284
15-mar-16,GRUPO TELEVISA,0.65764
15-mar-16,TV REY,0.00115
15-mar-16,AXTEL,0.00587
15-mar-16,DISH-MVS,0.16624
15APR2016,MAXCOM,0.00283
15APR2016,AIRECABLE,0.00087
15APR2016,TOTALPLAY,0.01409
15APR2016,ULTRAVISION,0.00116
15APR2016,AXTEL,0.00592
15APR2016,MEGACABLE-MCM,0.14984
15APR2016,GRUPO TELEVISA,0.6596
15APR2016,TV REY,0.00114
15APR2016,DISH-MVS,0.16454
15-may-16,GRUPO TELEVISA,0.65922
15-may-16,TOTALPLAY,0.01435
15-may-16,ULTRAVISION,0.00111
15-may-16,MAXCOM,0.00273
15-may-16,AXTEL,0.00591
15-may-16,MEGACABLE-MCM,0.14883
15-may-16,TV REY,0.0011
15-may-16,AIRECABLE,0.00086
15-may-16,DISH-MVS,0.16589
15-jun-16,TOTALPLAY,0.01499
15-jun-16,ULTRAVISION,0.00105
15-jun-16,AIRECABLE,0.00086
15-jun-16,AXTEL,0.00594
15-jun-16,MAXCOM,0.00262
15-jun-16,MEGACABLE-MCM,0.14952
15-jun-16,GRUPO TELEVISA,0.65877
15-jun-16,TV REY,0.0011
15-jun-16,DISH-MVS,0.16515
15-jul-16,TOTALPLAY,0.01534
15-jul-16,AIRECABLE,0.00084
15-jul-16,ULTRAVISION,0.001
15-jul-16,GRUPO TELEVISA,0.61595
15-jul-16,AXTEL,0.00591
15-jul-16,MAXCOM,0.00249
15-jul-16,MEGACABLE-MCM,0.1469
15-jul-16,TV REY,0.00103
15-jul-16,DISH-MVS,0.21053
15AUG2016,TOTALPLAY,0.01592
15AUG2016,AIRECABLE,0.00084
15AUG2016,ULTRAVISION,0.00099
15AUG2016,AXTEL,0.00594
15AUG2016,MAXCOM,0.00244
15AUG2016,MEGACABLE-MCM,0.1465
15AUG2016,GRUPO TELEVISA,0.61888
15AUG2016,TV REY,0.00101
15AUG2016,DISH-MVS,0.20748
15-sep-16,AXTEL,0.00598
15-sep-16,TOTALPLAY,0.01679
15-sep-16,AIRECABLE,0.00084
15-sep-16,ULTRAVISION,0.00095
15-sep-16,MAXCOM,0.00239
15-sep-16,MEGACABLE-MCM,0.14648
15-sep-16,TV REY,0.001
15-sep-16,GRUPO TELEVISA,0.62039
15-sep-16,DISH-MVS,0.20518
15-oct-16,TOTALPLAY,0.01753
15-oct-16,AIRECABLE,0.00084
15-oct-16,ULTRAVISION,0.00094
15-oct-16,AXTEL,0.00599
15-oct-16,MEGACABLE-MCM,0.14352
15-oct-16,MAXCOM,0.00224
15-oct-16,GRUPO TELEVISA,0.62248
15-oct-16,TV REY,0.00098
15-oct-16,DISH-MVS,0.20549
15-nov-16,MEGACABLE-MCM,0.1409
15-nov-16,TOTALPLAY,0.01829
15-nov-16,AIRECABLE,0.00084
15-nov-16,ULTRAVISION,0.00066
15-nov-16,MAXCOM,0.00211
15-nov-16,AXTEL,0.00601
15-nov-16,GRUPO TELEVISA,0.62498
15-nov-16,TV REY,0.00098
15-nov-16,DISH-MVS,0.20522
15DEC2016,TOTALPLAY,0.01897
15DEC2016,AIRECABLE,0.00083
15DEC2016,ULTRAVISION,0.00064
15DEC2016,AXTEL,0.00596
15DEC2016,MAXCOM,0.00206
15DEC2016,MEGACABLE-MCM,0.14178
15DEC2016,GRUPO TELEVISA,0.62266
15DEC2016,TV REY,0.00098
15DEC2016,DISH-MVS,0.20613
15JAN2017,GRUPO TELEVISA,0.65334
15JAN2017,TOTALPLAY,0.01812
15JAN2017,AIRECABLE,0.00077
15JAN2017,ULTRAVISION,0.00072
15JAN2017,MAXCOM,0.00127
15JAN2017,MEGACABLE-MCM,0.12963
15JAN2017,AXTEL,0.0055
15JAN2017,TV REY,0.0009
15JAN2017,DISH-MVS,0.18974
15-feb-17,TOTALPLAY,0.0189
15-feb-17,AIRECABLE,0.00078
15-feb-17,ULTRAVISION,0.0007
15-feb-17,AXTEL,0.00553
15-feb-17,MEGACABLE-MCM,0.1292
15-feb-17,GRUPO TELEVISA,0.65667
15-feb-17,TV REY,0.00091
15-feb-17,MAXCOM,0.00124
15-feb-17,DISH-MVS,0.18606
15-mar-17,TOTALPLAY,0.01939
15-mar-17,AIRECABLE,0.00078
15-mar-17,ULTRAVISION,0.00071
15-mar-17,MAXCOM,0.0012
15-mar-17,AXTEL,0.00553
15-mar-17,MEGACABLE-MCM,0.12892
15-mar-17,GRUPO TELEVISA,0.65627
15-mar-17,TV REY,0.00091
15-mar-17,DISH-MVS,0.18629
15APR2017,MAXCOM,0.00117
15APR2017,TOTALPLAY,0.02002
15APR2017,AIRECABLE,0.00079
15APR2017,ULTRAVISION,0.0007
15APR2017,AXTEL,0.00554
15APR2017,MEGACABLE-MCM,0.12869
15APR2017,GRUPO TELEVISA,0.65939
15APR2017,TV REY,0.00093
15APR2017,DISH-MVS,0.18276
15-may-17,TOTALPLAY,0.02036
15-may-17,AIRECABLE,0.00079
15-may-17,ULTRAVISION,0.0007
15-may-17,MAXCOM,0.00114
15-may-17,MEGACABLE-MCM,0.12882
15-may-17,GRUPO TELEVISA,0.65977
15-may-17,TV REY,0.00093
15-may-17,AXTEL,0.00551
15-may-17,DISH-MVS,0.18198
15-jun-17,TOTALPLAY,0.02094
15-jun-17,AIRECABLE,0.00079
15-jun-17,ULTRAVISION,0.00069
15-jun-17,MAXCOM,0.0011
15-jun-17,AXTEL,0.00546
15-jun-17,MEGACABLE-MCM,0.12959
15-jun-17,GRUPO TELEVISA,0.66124
15-jun-17,TV REY,0.00093
15-jun-17,DISH-MVS,0.17925
15-jul-17,MEGACABLE-MCM,0.13017
15-jul-17,TOTALPLAY,0.02157
15-jul-17,AIRECABLE,0.0008
15-jul-17,ULTRAVISION,0.00068
15-jul-17,MAXCOM,0.00107
15-jul-17,AXTEL,0.00544
15-jul-17,GRUPO TELEVISA,0.66286
15-jul-17,TV REY,0.00093
15-jul-17,DISH-MVS,0.17648
15AUG2017,TOTALPLAY,0.02232
15AUG2017,AIRECABLE,0.0008
15AUG2017,ULTRAVISION,0.00066
15AUG2017,MAXCOM,0.00104
15AUG2017,AXTEL,0.00539
15AUG2017,MEGACABLE-MCM,0.13115
15AUG2017,GRUPO TELEVISA,0.66445
15AUG2017,TV REY,0.00093
15AUG2017,DISH-MVS,0.17325
15-sep-17,GRUPO TELEVISA,0.66741
15-sep-17,TOTALPLAY,0.02279
15-sep-17,AIRECABLE,0.00079
15-sep-17,ULTRAVISION,0.00065
15-sep-17,MAXCOM,0.00099
15-sep-17,AXTEL,0.00537
15-sep-17,MEGACABLE-MCM,0.13099
15-sep-17,TV REY,0.00092
15-sep-17,DISH-MVS,0.17008
15-oct-17,TOTALPLAY,0.02337
15-oct-17,AIRECABLE,0.0008
15-oct-17,ULTRAVISION,0.00043
15-oct-17,MAXCOM,0.00096
15-oct-17,AXTEL,0.0054
15-oct-17,MEGACABLE-MCM,0.13161
15-oct-17,GRUPO TELEVISA,0.67015
15-oct-17,TV REY,0.00092
15-oct-17,DISH-MVS,0.16636
15-nov-17,AIRECABLE,0.0008
15-nov-17,TOTALPLAY,0.02403
15-nov-17,ULTRAVISION,0.00043
15-nov-17,MAXCOM,0.00093
15-nov-17,AXTEL,0.00536
15-nov-17,MEGACABLE-MCM,0.13162
15-nov-17,GRUPO TELEVISA,0.67246
15-nov-17,TV REY,0.00092
15-nov-17,DISH-MVS,0.16347
15DEC2017,AIRECABLE,0.00079
15DEC2017,TOTALPLAY,0.02425
15DEC2017,MAXCOM,0.00087
15DEC2017,AXTEL,0.00532
15DEC2017,MEGACABLE-MCM,0.13212
15DEC2017,GRUPO TELEVISA,0.67556
15DEC2017,TV REY,0.00091
15DEC2017,DISH-MVS,0.16018
15JAN2018,AXTEL,0.00526
15JAN2018,AIRECABLE,0.00078
15JAN2018,TOTALPLAY,0.02458
15JAN2018,MAXCOM,0.00078
15JAN2018,MEGACABLE-MCM,0.13193
15JAN2018,TV REY,0.00089
15JAN2018,GRUPO TELEVISA,0.67578
15JAN2018,DISH-MVS,0.16
15-feb-18,AIRECABLE,0.00079
15-feb-18,TOTALPLAY,0.02522
15-feb-18,MAXCOM,0.00076
15-feb-18,AXTEL,0.00525
15-feb-18,MEGACABLE-MCM,0.1326
15-feb-18,GRUPO TELEVISA,0.67601
15-feb-18,TV REY,0.00089
15-feb-18,DISH-MVS,0.15849
15-mar-18,AIRECABLE,0.00079
15-mar-18,TOTALPLAY,0.02593
15-mar-18,MAXCOM,0.00073
15-mar-18,AXTEL,0.00522
15-mar-18,GRUPO TELEVISA,0.67783
15-mar-18,TV REY,0.00089
15-mar-18,MEGACABLE-MCM,0.13257
15-mar-18,DISH-MVS,0.15604
15APR2018,AIRECABLE,0.00078
15APR2018,TOTALPLAY,0.02624
15APR2018,STARGROUP,0.01048
15APR2018,MAXCOM,0.00068
15APR2018,AXTEL,0.00514
15APR2018,MEGACABLE-MCM,0.13138
15APR2018,GRUPO TELEVISA,0.67114
15APR2018,TV REY,0.00089
15APR2018,DISH-MVS,0.15328
15-may-18,AIRECABLE,0.00078
15-may-18,TOTALPLAY,0.02688
15-may-18,STARGROUP,0.01059
15-may-18,MAXCOM,0.00065
15-may-18,AXTEL,0.00512
15-may-18,MEGACABLE-MCM,0.13145
15-may-18,GRUPO TELEVISA,0.67201
15-may-18,TV REY,0.00089
15-may-18,DISH-MVS,0.15164
15-jun-18,AIRECABLE,0.00078
15-jun-18,TOTALPLAY,0.02718
15-jun-18,STARGROUP,0.01113
15-jun-18,MAXCOM,0.00029
15-jun-18,AXTEL,0.00513
15-jun-18,MEGACABLE-MCM,0.13195
15-jun-18,GRUPO TELEVISA,0.67368
15-jun-18,TV REY,0.0009
15-jun-18,DISH-MVS,0.14894
15-jul-18,AIRECABLE,0.00009
15-jul-18,TOTALPLAY,0.0278
15-jul-18,STARGROUP,0.01147
15-jul-18,AXTEL,0.00516
15-jul-18,GRUPO TELEVISA,0.67477
15-jul-18,TV REY,0.00091
15-jul-18,MEGACABLE-MCM,0.13224
15-jul-18,DISH-MVS,0.14757
15AUG2018,AIRECABLE,0.00011
15AUG2018,TOTALPLAY,0.02892
15AUG2018,STARGROUP,0.0118
15AUG2018,AXTEL,0.00516
15AUG2018,MEGACABLE-MCM,0.13215
15AUG2018,GRUPO TELEVISA,0.67569
15AUG2018,TV REY,0.00091
15AUG2018,DISH-MVS,0.14526
15-sep-18,AIRECABLE,0.00012
15-sep-18,TOTALPLAY,0.02982
15-sep-18,STARGROUP,0.0121
15-sep-18,MEGACABLE-MCM,0.13289
15-sep-18,AXTEL,0.00517
15-sep-18,GRUPO TELEVISA,0.67644
15-sep-18,TV REY,0.00091
15-sep-18,DISH-MVS,0.14255
15-oct-18,AIRECABLE,0.00012
15-oct-18,TOTALPLAY,0.03079
15-oct-18,STARGROUP,0.01193
15-oct-18,AXTEL,0.00517
15-oct-18,MEGACABLE-MCM,0.13308
15-oct-18,GRUPO TELEVISA,0.67839
15-oct-18,TV REY,0.0009
15-oct-18,DISH-MVS,0.13961
15-nov-18,AIRECABLE,0.00012
15-nov-18,TOTALPLAY,0.03195
15-nov-18,STARGROUP,0.01253
15-nov-18,ULTRAVISION,0
15-nov-18,AXTEL,0.00512
15-nov-18,MEGACABLE-MCM,0.1323
15-nov-18,GRUPO TELEVISA,0.68054
15-nov-18,TV REY,0.00088
15-nov-18,DISH-MVS,0.13655
15DEC2018,AIRECABLE,0.00012
15DEC2018,TOTALPLAY,0.03297
15DEC2018,STARGROUP,0.01312
15DEC2018,ULTRAVISION,0.00001
15DEC2018,AXTEL,0.00093
15DEC2018,MEGACABLE-MCM,0.1336
15DEC2018,GRUPO TELEVISA,0.68236
15DEC2018,TV REY,0.00088
15DEC2018,DISH-MVS,0.13601
15JAN2019,AIRECABLE,0.00012
15JAN2019,TOTALPLAY,0.03388
15JAN2019,STARGROUP,0.01337
15JAN2019,ULTRAVISION,0.00001
15JAN2019,AXTEL,0.0009
15JAN2019,MEGACABLE-MCM,0.13222
15JAN2019,GRUPO TELEVISA,0.68588
15JAN2019,TV REY,0.00086
15JAN2019,DISH-MVS,0.13276
15-feb-19,AIRECABLE,0.00013
15-feb-19,TOTALPLAY,0.03571
15-feb-19,STARGROUP,0.01375
15-feb-19,ULTRAVISION,0.00001
15-feb-19,AXTEL,0.00092
15-feb-19,MEGACABLE-MCM,0.13443
15-feb-19,GRUPO TELEVISA,0.68186
15-feb-19,TV REY,0.00087
15-feb-19,DISH-MVS,0.13231
15-mar-19,TOTALPLAY,0.03694
15-mar-19,STARGROUP,0.0136
15-mar-19,ULTRAVISION,0.00003
15-mar-19,AXTEL,0.00092
15-mar-19,MEGACABLE-MCM,0.13578
15-mar-19,GRUPO TELEVISA,0.68263
15-mar-19,TV REY,0.00087
15-mar-19,DISH-MVS,0.12908
15-mar-19,AIRECABLE,0.00014
15APR2019,TOTALPLAY,0.03818
15APR2019,STARGROUP,0.01405
15APR2019,ULTRAVISION,0.00004
15APR2019,AXTEL,0.00092
15APR2019,MEGACABLE-MCM,0.13291
15APR2019,GRUPO TELEVISA,0.68691
15APR2019,TV REY,0.00087
15APR2019,DISH-MVS,0.126
15APR2019,AIRECABLE,0.00014
15-may-19,TOTALPLAY,0.03933
15-may-19,STARGROUP,0.01408
15-may-19,ULTRAVISION,0.00004
15-may-19,AXTEL,0.00092
15-may-19,MEGACABLE-MCM,0.13318
15-may-19,GRUPO TELEVISA,0.6892
15-may-19,TV REY,0.00087
15-may-19,DISH-MVS,0.12223
15-may-19,AIRECABLE,0.00014
15-jun-19,TOTALPLAY,0.03983
15-jun-19,STARGROUP,0.01397
15-jun-19,ULTRAVISION,0.00004
15-jun-19,AXTEL,0.00091
15-jun-19,MEGACABLE-MCM,0.13303
15-jun-19,GRUPO TELEVISA,0.69203
15-jun-19,TV REY,0.00087
15-jun-19,DISH-MVS,0.11919
15-jun-19,AIRECABLE,0.00014
15-jul-19,TOTALPLAY,0.03974
15-jul-19,STARGROUP,0.01388
15-jul-19,ULTRAVISION,0.00003
15-jul-19,MEGACABLE-MCM,0.13268
15-jul-19,GRUPO TELEVISA,0.69944
15-jul-19,TV REY,0.00085
15-jul-19,DISH-MVS,0.11324
15-jul-19,AIRECABLE,0.00014
15AUG2019,TOTALPLAY,0.04077
15AUG2019,STARGROUP,0.01352
15AUG2019,ULTRAVISION,0.00002
15AUG2019,MEGACABLE-MCM,0.13303
15AUG2019,GRUPO TELEVISA,0.70064
15AUG2019,TV REY,0.00085
15AUG2019,DISH-MVS,0.11104
15AUG2019,AIRECABLE,0.00014
15-sep-19,TOTALPLAY,0.04154
15-sep-19,STARGROUP,0.01355
15-sep-19,ULTRAVISION,0.00002
15-sep-19,MEGACABLE-MCM,0.1334
15-sep-19,GRUPO TELEVISA,0.70023
15-sep-19,TV REY,0.00085
15-sep-19,DISH-MVS,0.11026
15-sep-19,AIRECABLE,0.00015
15-oct-19,TOTALPLAY,0.04264
15-oct-19,STARGROUP,0.01364
15-oct-19,ULTRAVISION,0.00001
15-oct-19,MEGACABLE-MCM,0.13281
15-oct-19,TV REY,0.00085
15-oct-19,GRUPO TELEVISA,0.7021
15-oct-19,DISH-MVS,0.10779
15-oct-19,AIRECABLE,0.00015
15-nov-19,TOTALPLAY,0.04369
15-nov-19,MEGACABLE-MCM,0.13284
15-nov-19,STARGROUP,0.01399
15-nov-19,ULTRAVISION,0.00001
15-nov-19,TV REY,0.00086
15-nov-19,GRUPO TELEVISA,0.703
15-nov-19,DISH-MVS,0.10547
15-nov-19,AIRECABLE,0.00015
15DEC2019,TOTALPLAY,0.04451
15DEC2019,STARGROUP,0.01412
15DEC2019,ULTRAVISION,0
15DEC2019,MEGACABLE-MCM,0.13421
15DEC2019,TV REY,0.00085
15DEC2019,GRUPO TELEVISA,0.70213
15DEC2019,DISH-MVS,0.10402
15DEC2019,AIRECABLE,0.00015
15JAN2020,TOTALPLAY,0.04741
15JAN2020,STARGROUP,0.01439
15JAN2020,ULTRAVISION,0
15JAN2020,MEGACABLE-MCM,0.13976
15JAN2020,TV REY,0.00088
15JAN2020,GRUPO TELEVISA,0.6916
15JAN2020,DISH-MVS,0.10579
15JAN2020,AIRECABLE,0.00016
15-feb-20,TOTALPLAY,0.04865
15-feb-20,STARGROUP,0.01403
15-feb-20,ULTRAVISION,0.00001
15-feb-20,MEGACABLE-MCM,0.13917
15-feb-20,TV REY,0.00088
15-feb-20,GRUPO TELEVISA,0.69273
15-feb-20,DISH-MVS,0.10438
15-feb-20,AIRECABLE,0.00016
15-mar-20,TOTALPLAY,0.05005
15-mar-20,STARGROUP,0.01447
15-mar-20,ULTRAVISION,0.00001
15-mar-20,MEGACABLE-MCM,0.14018
15-mar-20,TV REY,0.00087
15-mar-20,GRUPO TELEVISA,0.69263
15-mar-20,AIRECABLE,0.00016
15-mar-20,DISH-MVS,0.10164
15APR2020,TOTALPLAY,0.05251
15APR2020,STARGROUP,0.0146
15APR2020,ULTRAVISION,0
15APR2020,MEGACABLE-MCM,0.1396
15APR2020,TV REY,0.0008
15APR2020,GRUPO TELEVISA,0.6924
15APR2020,AIRECABLE,0.0002
15APR2020,DISH-MVS,0.0999
15-may-20,TOTALPLAY,0.0544
15-may-20,STARGROUP,0.0144
15-may-20,MEGACABLE-MCM,0.1402
15-may-20,TV REY,0.0008
15-may-20,GRUPO TELEVISA,0.6921
15-may-20,AIRECABLE,0.0002
15-may-20,DISH-MVS,0.098
15-jun-20,TOTALPLAY,0.056
15-jun-20,STARGROUP,0.0136
15-jun-20,MEGACABLE-MCM,0.1403
15-jun-20,TV REY,0.0008
15-jun-20,GRUPO TELEVISA,0.6933
15-jun-20,AIRECABLE,0.0002
15-jun-20,DISH-MVS,0.0959
15-jul-20,TOTALPLAY,0.058
15-jul-20,STARGROUP,0.0136
15-jul-20,MEGACABLE-MCM,0.1407
15-jul-20,TV REY,0.0008
15-jul-20,GRUPO TELEVISA,0.6931
15-jul-20,AIRECABLE,0.0001
15-jul-20,DISH-MVS,0.0937
15AUG2020,TOTALPLAY,0.0599
15AUG2020,STARGROUP,0.0136
15AUG2020,MEGACABLE-MCM,0.1423
15AUG2020,TV REY,0.0008
15AUG2020,GRUPO TELEVISA,0.6915
15AUG2020,AIRECABLE,0.0001
15AUG2020,DISH-MVS,0.0917
15-sep-20,TOTALPLAY,0.0619
15-sep-20,STARGROUP,0.0137
15-sep-20,MEGACABLE-MCM,0.1432
15-sep-20,TV REY,0.0008
15-sep-20,GRUPO TELEVISA,0.6899
15-sep-20,AIRECABLE,0.0001
15-sep-20,DISH-MVS,0.0904
15-oct-20,TOTALPLAY,0.0646
15-oct-20,STARGROUP,0.0132
15-oct-20,MEGACABLE-MCM,0.1438
15-oct-20,TV REY,0.0008
15-oct-20,GRUPO TELEVISA,0.6886
15-oct-20,AIRECABLE,0.0001
15-oct-20,DISH-MVS,0.0888
15-nov-20,TOTALPLAY,0.0671
15-nov-20,STARGROUP,0.0132
15-nov-20,MEGACABLE-MCM,0.1445
15-nov-20,TV REY,0.0008
15-nov-20,GRUPO TELEVISA,0.6872
15-nov-20,AIRECABLE,0.0001
15-nov-20,DISH-MVS,0.0872
15DEC2020,TOTALPLAY,0.0697
15DEC2020,STARGROUP,0.0133
15DEC2020,MEGACABLE-MCM,0.145
15DEC2020,TV REY,0.0008
15DEC2020,GRUPO TELEVISA,0.6858
15DEC2020,AIRECABLE,0.0001
15DEC2020,DISH-MVS,0.0853
15JAN2021,TOTALPLAY,0.0651
15JAN2021,STARGROUP,0.0122
15JAN2021,MEGACABLE-MCM,0.2081
15JAN2021,GRUPO TELEVISA,0.6384
15JAN2021,DISH-MVS,0.0762
15-feb-21,TOTALPLAY,0.0672
15-feb-21,STARGROUP,0.0122
15-feb-21,MEGACABLE-MCM,0.2077
15-feb-21,GRUPO TELEVISA,0.6384
15-feb-21,DISH-MVS,0.0745
15-mar-21,TOTALPLAY,0.0692
15-mar-21,STARGROUP,0.0122
15-mar-21,MEGACABLE-MCM,0.2077
15-mar-21,GRUPO TELEVISA,0.6369
15-mar-21,DISH-MVS,0.0739
15APR2021,TOTALPLAY,0.0716
15APR2021,STARGROUP,0.012
15APR2021,MEGACABLE-MCM,0.2075
15APR2021,GRUPO TELEVISA,0.6361
15APR2021,DISH-MVS,0.0729
15-may-21,TOTALPLAY,0.0727
15-may-21,STARGROUP,0.0235
15-may-21,MEGACABLE-MCM,0.2055
15-may-21,GRUPO TELEVISA,0.628
15-may-21,DISH-MVS,0.0703
15-jun-21,TOTALPLAY,0.0761
15-jun-21,MEGACABLE-MCM,0.2106
15-jun-21,GRUPO TELEVISA,0.6426
15-jun-21,DISH-MVS,0.0707
